JobID,JobTitle,Department,EmploymentType
1,VP of Legal,Finance,Temporary
2,Product Developer,Facilities,Part-time
3,VP of Product,Ecom,Part-time
4,VP of IT,IT,Part-time
5,Sales Associate,Finance,Part-time
6,HR Specialist,Product Development,Full-time
7,Finance Manager,HR,Contract
8,VP of Product,HR,Part-time
9,VP of Ecom,Legal,Full-time
10,Finance Manager,Ecom,Contract
11,VP of Finance,Legal,Part-time
12,Legal Manager,HR,Part-time
13,Ecom Manager,Sales,Temporary
14,Legal Advisor,Finance,Temporary
15,IT Manager,Legal,Contract
16,VP of Ecom,Licensing,Temporary
17,VP of Sales,HR,Contract
18,Sales Director,IT,Contract
19,IT Director,Sales,Temporary
20,IT Manager,Legal,Temporary
21,Facilities Manager,Licensing,Temporary
22,VP of Ecom,Product Development,Contract
23,Ecom Director,Product Development,Temporary
24,Product Director,Sales,Contract
25,Ecom Manager,Sales,Contract
26,VP of Legal,IT,Contract
27,VP of IT,Sales,Full-time
28,Product Developer,Ecom,Contract
29,Legal Advisor,Finance,Full-time
30,Ecom Specialist,Product Development,Contract
31,Legal Manager,IT,Contract
32,Licensing Manager,Ecom,Temporary
33,HR Specialist,Product Development,Temporary
34,Legal Director,Legal,Contract
35,Facilities Coordinator,Ecom,Temporary
36,Finance Analyst,HR,Contract
37,Licensing Specialist,Licensing,Temporary
38,Legal Manager,Ecom,Contract
39,VP of Ecom,Product Development,Full-time
40,Ecom Manager,Legal,Part-time
41,VP of Product,Facilities,Contract
42,Facilities Director,Facilities,Temporary
43,Ecom Specialist,HR,Full-time
44,Licensing Specialist,Ecom,Contract
45,Ecom Manager,IT,Temporary
46,HR Specialist,Product Development,Contract
47,VP of Finance,HR,Full-time
48,VP of Ecom,Product Development,Full-time
49,Licensing Director,Finance,Part-time
50,Licensing Director,Legal,Temporary
51,VP of HR,Ecom,Full-time
52,Finance Manager,Product Development,Temporary
53,VP of Ecom,HR,Full-time
54,Licensing Director,HR,Temporary
55,Facilities Manager,Ecom,Contract
56,Finance Director,Licensing,Contract
57,VP of Ecom,Ecom,Contract
58,Sales Director,IT,Contract
59,Licensing Manager,Licensing,Temporary
60,Product Manager,Sales,Contract
61,HR Director,HR,Part-time
62,HR Director,Sales,Full-time
63,VP of Finance,Licensing,Part-time
64,Legal Director,Sales,Part-time
65,Sales Director,Product Development,Temporary
66,VP of HR,Product Development,Temporary
67,Sales Manager,HR,Temporary
68,Finance Manager,Finance,Temporary
69,VP of IT,Licensing,Full-time
70,Sales Manager,Finance,Full-time
71,Finance Analyst,Licensing,Part-time
72,HR Specialist,Finance,Contract
73,Legal Manager,Finance,Full-time
74,Sales Director,HR,Full-time
75,HR Specialist,Finance,Temporary
76,Finance Manager,Legal,Temporary
77,Licensing Director,Ecom,Temporary
78,IT Specialist,Sales,Contract
79,VP of Licensing,IT,Part-time
80,Ecom Director,Sales,Part-time
81,VP of Finance,Ecom,Contract
82,Legal Director,Legal,Part-time
83,Facilities Manager,Sales,Full-time
84,Finance Analyst,Licensing,Temporary
85,Legal Advisor,Finance,Temporary
86,Facilities Coordinator,Licensing,Temporary
87,VP of Legal,IT,Temporary
88,Product Developer,Licensing,Part-time
89,Legal Manager,IT,Part-time
90,Legal Advisor,Sales,Part-time
91,Sales Manager,Product Development,Part-time
92,Licensing Director,Facilities,Part-time
93,Finance Manager,HR,Temporary
94,Product Developer,Product Development,Temporary
95,Licensing Manager,Legal,Full-time
96,Facilities Director,Finance,Temporary
97,Legal Manager,Legal,Part-time
98,Ecom Specialist,Licensing,Full-time
99,IT Specialist,Facilities,Part-time
100,HR Manager,Sales,Full-time
101,VP of Product,Product Development,Temporary
102,VP of Ecom,Sales,Part-time
103,Finance Manager,Sales,Full-time
104,IT Manager,Legal,Contract
105,VP of Legal,Ecom,Temporary
106,Facilities Coordinator,Ecom,Part-time
107,IT Specialist,Finance,Contract
108,VP of Legal,Product Development,Contract
109,Licensing Director,Legal,Full-time
110,HR Director,Licensing,Contract
111,VP of Finance,Sales,Full-time
112,Ecom Specialist,Product Development,Contract
113,Finance Director,Legal,Temporary
114,Licensing Director,IT,Contract
115,Legal Manager,Finance,Temporary
116,HR Director,Ecom,Contract
117,VP of Ecom,HR,Part-time
118,IT Manager,Ecom,Contract
119,HR Manager,Facilities,Contract
120,VP of Product,IT,Full-time
121,Product Director,Product Development,Temporary
122,VP of Ecom,Licensing,Temporary
123,HR Director,IT,Contract
124,HR Specialist,IT,Temporary
125,VP of Facilities,Legal,Contract
126,IT Manager,Legal,Full-time
127,Finance Analyst,IT,Contract
128,VP of Finance,Facilities,Full-time
129,IT Specialist,Finance,Part-time
130,VP of Facilities,Finance,Temporary
131,VP of HR,HR,Full-time
132,Legal Advisor,Facilities,Part-time
133,Ecom Manager,Sales,Temporary
134,VP of Finance,Product Development,Part-time
135,Ecom Manager,Ecom,Contract
136,Product Manager,Facilities,Part-time
137,VP of IT,Ecom,Part-time
138,VP of Ecom,Product Development,Full-time
139,VP of Ecom,Legal,Part-time
140,IT Specialist,Facilities,Contract
141,VP of Licensing,IT,Contract
142,HR Specialist,IT,Temporary
143,Ecom Specialist,Finance,Contract
144,VP of Licensing,HR,Contract
145,Finance Director,Ecom,Part-time
146,Finance Director,Facilities,Contract
147,VP of Sales,Legal,Full-time
148,HR Specialist,Legal,Contract
149,VP of IT,Ecom,Temporary
150,Sales Manager,Legal,Contract
151,VP of Finance,IT,Temporary
152,Licensing Specialist,HR,Full-time
153,Ecom Specialist,IT,Part-time
154,Licensing Manager,Legal,Temporary
155,VP of Ecom,Finance,Part-time
156,VP of Ecom,HR,Contract
157,VP of Finance,Ecom,Full-time
158,IT Director,Product Development,Full-time
159,VP of IT,Legal,Temporary
160,IT Specialist,Product Development,Part-time
161,Legal Director,HR,Part-time
162,Ecom Director,Licensing,Contract
163,Facilities Director,Finance,Temporary
164,Ecom Director,HR,Part-time
165,Legal Advisor,Product Development,Full-time
166,Legal Director,IT,Part-time
167,Sales Director,IT,Contract
168,IT Director,Finance,Part-time
169,Licensing Director,Licensing,Full-time
170,Ecom Director,Finance,Contract
171,IT Manager,Licensing,Contract
172,Licensing Specialist,Licensing,Temporary
173,Facilities Manager,Facilities,Part-time
174,VP of Sales,Licensing,Full-time
175,Licensing Director,Legal,Temporary
176,Sales Manager,Ecom,Part-time
177,VP of Legal,IT,Temporary
178,Sales Associate,Facilities,Contract
179,Ecom Specialist,Sales,Full-time
180,Legal Advisor,Licensing,Temporary
181,IT Manager,Sales,Part-time
182,VP of HR,Licensing,Contract
183,Ecom Manager,Sales,Full-time
184,Product Developer,IT,Full-time
185,Facilities Manager,Facilities,Part-time
186,Facilities Coordinator,Facilities,Temporary
187,Product Manager,Licensing,Temporary
188,Sales Director,Sales,Contract
189,VP of Legal,Licensing,Temporary
190,Facilities Director,HR,Temporary
191,IT Specialist,Finance,Part-time
192,VP of Sales,HR,Full-time
193,HR Specialist,Ecom,Temporary
194,HR Manager,IT,Temporary
195,HR Director,Product Development,Temporary
196,Product Developer,IT,Part-time
197,Finance Manager,Legal,Full-time
198,VP of Product,Sales,Part-time
199,Finance Analyst,IT,Temporary
200,VP of Sales,IT,Part-time
201,VP of Facilities,Product Development,Contract
202,Sales Associate,Product Development,Part-time
203,Ecom Manager,Finance,Contract
204,Legal Advisor,IT,Contract
205,VP of Sales,Facilities,Full-time
206,Product Developer,Ecom,Full-time
207,IT Director,Finance,Temporary
208,IT Specialist,Ecom,Part-time
209,VP of Legal,Licensing,Temporary
210,VP of Finance,Legal,Full-time
211,Licensing Director,HR,Full-time
212,Product Manager,HR,Contract
213,VP of Ecom,Product Development,Full-time
214,Ecom Director,IT,Temporary
215,VP of Licensing,Licensing,Temporary
216,HR Director,Facilities,Contract
217,IT Specialist,HR,Part-time
218,Sales Manager,Legal,Part-time
219,VP of IT,Product Development,Contract
220,VP of Ecom,Licensing,Contract
221,Product Developer,Licensing,Part-time
222,Finance Manager,IT,Part-time
223,VP of IT,Facilities,Full-time
224,Sales Manager,Ecom,Contract
225,VP of Licensing,Product Development,Contract
226,VP of Finance,Product Development,Part-time
227,Sales Associate,HR,Part-time
228,VP of Product,Ecom,Contract
229,Legal Director,Product Development,Full-time
230,Product Manager,Legal,Full-time
231,Legal Director,Facilities,Temporary
232,VP of IT,IT,Part-time
233,Facilities Coordinator,Ecom,Contract
234,HR Specialist,Ecom,Part-time
235,Product Manager,Product Development,Contract
236,Facilities Director,Sales,Part-time
237,Finance Director,Facilities,Contract
238,Facilities Director,Ecom,Full-time
239,Sales Director,Licensing,Part-time
240,HR Manager,Sales,Full-time
241,VP of HR,Sales,Contract
242,VP of Ecom,HR,Part-time
243,Facilities Manager,Facilities,Part-time
244,Facilities Director,Product Development,Contract
245,Sales Director,HR,Temporary
246,Licensing Specialist,Facilities,Full-time
247,VP of IT,Facilities,Temporary
248,Product Manager,Facilities,Temporary
249,Legal Advisor,Legal,Part-time
250,IT Specialist,Licensing,Part-time
251,IT Specialist,Sales,Temporary
252,Sales Manager,Licensing,Contract
253,IT Specialist,Facilities,Contract
254,Ecom Director,Product Development,Contract
255,VP of Ecom,Licensing,Full-time
256,Facilities Director,HR,Contract
257,Product Manager,Sales,Full-time
258,VP of Facilities,HR,Temporary
259,Finance Analyst,Finance,Contract
260,VP of Legal,Licensing,Temporary
261,Ecom Specialist,Ecom,Full-time
262,HR Director,Sales,Contract
263,HR Director,IT,Part-time
264,Ecom Director,Legal,Contract
265,VP of Facilities,Licensing,Full-time
266,Licensing Specialist,Ecom,Contract
267,IT Director,Facilities,Full-time
268,Sales Associate,Legal,Contract
269,Facilities Manager,Ecom,Full-time
270,Finance Director,Legal,Contract
271,Sales Director,Licensing,Temporary
272,VP of Finance,HR,Part-time
273,VP of Finance,Facilities,Full-time
274,Ecom Specialist,Sales,Full-time
275,Product Manager,Legal,Full-time
276,Legal Advisor,Finance,Part-time
277,IT Specialist,Legal,Part-time
278,HR Manager,Licensing,Temporary
279,Licensing Specialist,Facilities,Temporary
280,HR Director,Finance,Full-time
281,IT Specialist,Ecom,Part-time
282,VP of Ecom,Legal,Temporary
283,Ecom Director,HR,Contract
284,VP of Ecom,Sales,Part-time
285,Ecom Specialist,Facilities,Full-time
286,Finance Director,Finance,Temporary
287,Facilities Manager,IT,Full-time
288,HR Director,Licensing,Part-time
289,VP of Finance,IT,Temporary
290,IT Specialist,HR,Temporary
291,Finance Manager,Sales,Full-time
292,Sales Director,Sales,Full-time
293,HR Director,Facilities,Part-time
294,Licensing Director,HR,Contract
295,Sales Manager,Licensing,Full-time
296,Facilities Coordinator,Ecom,Temporary
297,HR Director,IT,Full-time
298,Ecom Director,IT,Part-time
299,Licensing Specialist,IT,Contract
300,VP of Finance,HR,Temporary
301,Licensing Manager,Finance,Contract
302,Finance Analyst,Licensing,Part-time
303,Facilities Coordinator,Facilities,Contract
304,Ecom Specialist,Product Development,Full-time
305,VP of HR,Finance,Contract
306,Sales Associate,HR,Part-time
307,Ecom Manager,Facilities,Temporary
308,Legal Director,Facilities,Temporary
309,HR Specialist,IT,Full-time
310,Facilities Coordinator,Product Development,Temporary
311,Sales Director,Legal,Part-time
312,VP of Licensing,Finance,Full-time
313,Product Manager,Licensing,Part-time
314,HR Manager,Product Development,Part-time
315,VP of Legal,Sales,Temporary
316,Sales Director,Facilities,Part-time
317,Facilities Director,HR,Temporary
318,VP of Licensing,HR,Temporary
319,Legal Director,Facilities,Full-time
320,VP of Licensing,HR,Temporary
321,Legal Director,Licensing,Temporary
322,Sales Associate,Legal,Contract
323,Sales Manager,Product Development,Part-time
324,Product Developer,Finance,Temporary
325,VP of Sales,Legal,Full-time
326,HR Manager,Finance,Full-time
327,VP of Sales,HR,Contract
328,VP of Product,HR,Temporary
329,Licensing Specialist,Facilities,Full-time
330,Ecom Director,Sales,Contract
331,Licensing Manager,Legal,Part-time
332,VP of Product,Finance,Temporary
333,Finance Director,HR,Contract
334,Sales Director,Legal,Full-time
335,VP of Ecom,Facilities,Temporary
336,Finance Director,HR,Part-time
337,Finance Analyst,HR,Contract
338,Facilities Coordinator,Legal,Temporary
339,IT Director,IT,Temporary
340,Finance Manager,Facilities,Part-time
341,IT Manager,HR,Full-time
342,Ecom Specialist,Product Development,Full-time
343,Licensing Director,Licensing,Contract
344,Facilities Manager,IT,Part-time
345,IT Specialist,IT,Contract
346,VP of Sales,Legal,Contract
347,Legal Manager,Sales,Contract
348,VP of IT,HR,Part-time
349,Legal Director,HR,Full-time
350,Finance Director,Finance,Full-time
351,Legal Manager,Sales,Contract
352,Ecom Director,IT,Full-time
353,Product Director,Licensing,Temporary
354,VP of Facilities,HR,Temporary
355,Facilities Manager,Finance,Full-time
356,Ecom Manager,Licensing,Full-time
357,Ecom Manager,Facilities,Contract
358,VP of Sales,Legal,Temporary
359,Product Manager,Product Development,Contract
360,Ecom Director,HR,Full-time
361,IT Director,IT,Temporary
362,VP of IT,Licensing,Full-time
363,Finance Director,Legal,Full-time
364,VP of Ecom,Legal,Part-time
365,Sales Manager,Finance,Part-time
366,Product Director,HR,Part-time
367,Product Developer,Ecom,Full-time
368,Licensing Director,HR,Part-time
369,Sales Associate,Sales,Full-time
370,Ecom Specialist,Product Development,Contract
371,Product Director,IT,Temporary
372,HR Manager,Finance,Temporary
373,Sales Director,IT,Contract
374,VP of Facilities,IT,Full-time
375,HR Specialist,HR,Temporary
376,VP of Product,Licensing,Temporary
377,Finance Director,Ecom,Temporary
378,Ecom Director,Licensing,Full-time
379,Product Developer,Finance,Part-time
380,Product Manager,Facilities,Temporary
381,Licensing Manager,Licensing,Full-time
382,VP of Licensing,Facilities,Temporary
383,Product Developer,HR,Full-time
384,Ecom Specialist,Ecom,Contract
385,Facilities Coordinator,IT,Full-time
386,HR Director,IT,Contract
387,VP of IT,Finance,Full-time
388,Sales Manager,Ecom,Full-time
389,Ecom Director,Legal,Full-time
390,Ecom Manager,Facilities,Part-time
391,Legal Director,Product Development,Full-time
392,Finance Director,Product Development,Contract
393,VP of Finance,HR,Part-time
394,IT Director,Licensing,Temporary
395,Legal Advisor,Finance,Full-time
396,HR Specialist,HR,Temporary
397,Product Manager,Ecom,Part-time
398,IT Director,HR,Part-time
399,Facilities Manager,Facilities,Full-time
400,Facilities Coordinator,Sales,Part-time
401,HR Specialist,Legal,Temporary
402,Finance Analyst,Licensing,Temporary
403,VP of Finance,Finance,Temporary
404,HR Manager,HR,Contract
405,VP of Ecom,Facilities,Part-time
406,HR Manager,IT,Temporary
407,IT Manager,Product Development,Contract
408,HR Specialist,Sales,Part-time
409,VP of IT,Finance,Contract
410,VP of Ecom,Sales,Temporary
411,Finance Manager,Ecom,Temporary
412,VP of Legal,IT,Part-time
413,VP of Product,Licensing,Full-time
414,Sales Manager,Finance,Contract
415,Legal Advisor,Legal,Temporary
416,Legal Advisor,HR,Contract
417,Legal Director,Product Development,Contract
418,Sales Manager,Legal,Temporary
419,VP of IT,Legal,Part-time
420,HR Specialist,Ecom,Part-time
421,Finance Director,Sales,Contract
422,Licensing Director,Legal,Contract
423,Legal Advisor,Facilities,Contract
424,Ecom Manager,Licensing,Temporary
425,Sales Director,Legal,Contract
426,VP of Product,Facilities,Temporary
427,Finance Director,Legal,Contract
428,Product Director,IT,Contract
429,VP of Legal,Finance,Part-time
430,Finance Analyst,Licensing,Contract
431,IT Specialist,HR,Part-time
432,Product Manager,Licensing,Contract
433,Product Director,Ecom,Contract
434,Product Manager,IT,Full-time
435,VP of Ecom,IT,Part-time
436,Legal Manager,IT,Contract
437,VP of Legal,Sales,Part-time
438,Ecom Director,HR,Contract
439,HR Specialist,Legal,Contract
440,Finance Director,Facilities,Full-time
441,Sales Associate,Facilities,Contract
442,VP of Licensing,Facilities,Contract
443,Sales Director,Ecom,Temporary
444,Product Manager,Ecom,Temporary
445,Licensing Director,Licensing,Full-time
446,Product Manager,Sales,Part-time
447,Sales Associate,HR,Temporary
448,VP of Product,Product Development,Full-time
449,Ecom Specialist,Ecom,Contract
450,HR Specialist,Facilities,Contract
451,Facilities Director,HR,Full-time
452,VP of Ecom,Product Development,Part-time
453,Finance Analyst,Ecom,Full-time
454,Finance Manager,Legal,Full-time
455,Ecom Manager,Finance,Temporary
456,Product Developer,Licensing,Part-time
457,HR Specialist,Finance,Contract
458,Finance Manager,IT,Full-time
459,HR Specialist,Ecom,Full-time
460,IT Specialist,Facilities,Part-time
461,HR Director,Ecom,Contract
462,VP of HR,Licensing,Full-time
463,Product Developer,Sales,Part-time
464,Licensing Manager,Facilities,Full-time
465,IT Manager,Ecom,Full-time
466,Ecom Director,Licensing,Contract
467,VP of Legal,Sales,Contract
468,VP of Sales,Finance,Temporary
469,Facilities Manager,Sales,Full-time
470,Ecom Specialist,Finance,Full-time
471,Ecom Director,Ecom,Temporary
472,Sales Manager,Legal,Part-time
473,IT Specialist,Product Development,Part-time
474,Sales Director,Finance,Temporary
475,VP of Licensing,Facilities,Full-time
476,Facilities Coordinator,Legal,Contract
477,Finance Director,Finance,Part-time
478,Licensing Manager,IT,Part-time
479,Sales Manager,IT,Contract
480,Sales Director,Facilities,Part-time
481,VP of Licensing,Finance,Contract
482,VP of Legal,Ecom,Part-time
483,VP of HR,Product Development,Full-time
484,Legal Advisor,Licensing,Full-time
485,Sales Director,Sales,Part-time
486,Facilities Manager,Sales,Contract
487,Legal Advisor,Sales,Part-time
488,VP of Ecom,IT,Temporary
489,IT Specialist,Ecom,Part-time
490,Finance Director,Ecom,Part-time
491,VP of Licensing,Licensing,Full-time
492,VP of Finance,IT,Full-time
493,IT Director,Facilities,Part-time
494,VP of HR,Ecom,Temporary
495,Ecom Director,Legal,Contract
496,Product Director,Finance,Part-time
497,Sales Associate,Finance,Part-time
498,Legal Director,Product Development,Temporary
499,HR Specialist,Finance,Part-time
500,Legal Director,HR,Full-time
501,Ecom Director,Facilities,Full-time
502,Sales Manager,Licensing,Temporary
503,VP of Finance,IT,Contract
504,HR Specialist,IT,Full-time
505,Ecom Director,Product Development,Temporary
506,Sales Manager,Licensing,Contract
507,Licensing Director,Ecom,Contract
508,HR Director,IT,Full-time
509,Ecom Specialist,Finance,Full-time
510,IT Specialist,Ecom,Contract
511,Sales Director,Legal,Temporary
512,Licensing Manager,Product Development,Temporary
513,Sales Manager,Finance,Contract
514,HR Manager,Finance,Full-time
515,Facilities Director,Finance,Part-time
516,Facilities Manager,Sales,Part-time
517,IT Specialist,HR,Part-time
518,Licensing Director,Sales,Temporary
519,Facilities Manager,Finance,Part-time
520,VP of Licensing,Facilities,Temporary
521,Sales Director,Licensing,Part-time
522,IT Specialist,Ecom,Part-time
523,Ecom Specialist,HR,Part-time
524,Facilities Director,Licensing,Contract
525,Product Developer,Product Development,Contract
526,Product Manager,IT,Temporary
527,Ecom Specialist,Facilities,Full-time
528,Sales Manager,HR,Contract
529,Sales Associate,Ecom,Temporary
530,Product Developer,Ecom,Contract
531,Sales Associate,Product Development,Temporary
532,Finance Analyst,Finance,Temporary
533,Legal Advisor,Legal,Contract
534,Product Manager,Sales,Temporary
535,Legal Advisor,HR,Contract
536,VP of Facilities,IT,Contract
537,Legal Director,Finance,Contract
538,IT Specialist,Product Development,Contract
539,HR Specialist,Finance,Part-time
540,Finance Director,Ecom,Full-time
541,IT Director,Ecom,Contract
542,IT Specialist,Licensing,Temporary
543,Licensing Specialist,Ecom,Temporary
544,HR Manager,Legal,Part-time
545,Product Developer,Product Development,Temporary
546,HR Director,Product Development,Contract
547,VP of IT,IT,Part-time
548,VP of Ecom,HR,Full-time
549,HR Specialist,Sales,Part-time
550,VP of Finance,Finance,Temporary
551,Product Developer,IT,Full-time
552,Finance Analyst,Legal,Contract
553,IT Specialist,HR,Temporary
554,Legal Director,Ecom,Temporary
555,HR Specialist,HR,Full-time
556,VP of Ecom,Licensing,Contract
557,VP of Legal,Legal,Contract
558,VP of Finance,Licensing,Temporary
559,Licensing Specialist,Finance,Part-time
560,Sales Director,Facilities,Contract
561,HR Director,HR,Part-time
562,VP of Legal,Licensing,Full-time
563,Ecom Specialist,Licensing,Full-time
564,Legal Manager,Licensing,Part-time
565,Facilities Manager,Legal,Full-time
566,Facilities Director,HR,Temporary
567,VP of Product,Legal,Full-time
568,Finance Analyst,HR,Part-time
569,Ecom Manager,IT,Part-time
570,VP of Sales,Sales,Contract
571,Licensing Director,Facilities,Full-time
572,Product Developer,Finance,Contract
573,HR Director,IT,Contract
574,Finance Manager,Sales,Temporary
575,Licensing Director,IT,Part-time
576,HR Director,Product Development,Temporary
577,Product Manager,Ecom,Contract
578,VP of Facilities,HR,Temporary
579,Ecom Director,Ecom,Full-time
580,HR Specialist,HR,Temporary
581,HR Specialist,Ecom,Contract
582,Sales Director,IT,Full-time
583,Ecom Director,HR,Contract
584,Product Manager,IT,Full-time
585,Sales Director,Legal,Contract
586,Product Developer,HR,Temporary
587,VP of IT,Ecom,Full-time
588,VP of IT,HR,Contract
589,VP of Sales,Product Development,Contract
590,VP of HR,Product Development,Temporary
591,IT Manager,Ecom,Temporary
592,Ecom Director,Sales,Part-time
593,Licensing Director,Facilities,Part-time
594,Legal Director,Finance,Part-time
595,HR Manager,Licensing,Full-time
596,VP of HR,Finance,Full-time
597,VP of Sales,Ecom,Part-time
598,Legal Advisor,Finance,Temporary
599,VP of Sales,HR,Full-time
600,Legal Advisor,Ecom,Part-time
601,Legal Director,Finance,Contract
602,Product Developer,HR,Temporary
603,HR Manager,Sales,Contract
604,Product Developer,Legal,Part-time
605,VP of Sales,Legal,Temporary
606,Sales Manager,Ecom,Contract
607,Sales Manager,Finance,Part-time
608,Ecom Director,Legal,Part-time
609,Product Director,HR,Contract
610,Sales Associate,Licensing,Temporary
611,HR Director,Product Development,Part-time
612,VP of HR,Finance,Full-time
613,HR Director,Ecom,Part-time
614,Facilities Manager,Facilities,Full-time
615,Finance Analyst,Sales,Temporary
616,Legal Advisor,Facilities,Temporary
617,Legal Director,Legal,Part-time
618,Legal Advisor,Licensing,Part-time
619,Product Director,IT,Full-time
620,VP of Finance,Ecom,Temporary
621,IT Director,Legal,Contract
622,HR Specialist,Finance,Full-time
623,Facilities Coordinator,Facilities,Contract
624,VP of Licensing,Sales,Part-time
625,VP of Product,HR,Full-time
626,Product Manager,IT,Part-time
627,Legal Director,Ecom,Full-time
628,Ecom Specialist,Legal,Contract
629,Licensing Manager,Sales,Contract
630,Facilities Director,Product Development,Part-time
631,Sales Manager,HR,Full-time
632,Finance Analyst,Licensing,Contract
633,VP of Product,Finance,Contract
634,Sales Director,Licensing,Full-time
635,VP of Ecom,Facilities,Temporary
636,Finance Director,Ecom,Temporary
637,Licensing Manager,Sales,Temporary
638,Ecom Specialist,Product Development,Contract
639,HR Specialist,Product Development,Temporary
640,Licensing Manager,HR,Temporary
641,VP of Licensing,Product Development,Part-time
642,VP of IT,Facilities,Contract
643,Sales Manager,IT,Temporary
644,VP of IT,Ecom,Full-time
645,IT Specialist,Finance,Part-time
646,VP of Ecom,HR,Part-time
647,Sales Associate,Ecom,Full-time
648,Facilities Manager,Ecom,Full-time
649,HR Director,Product Development,Full-time
650,Ecom Manager,Product Development,Temporary
651,VP of Legal,HR,Contract
652,VP of Licensing,HR,Temporary
653,Licensing Manager,Sales,Contract
654,Sales Director,HR,Part-time
655,Product Director,Legal,Part-time
656,VP of Legal,Sales,Part-time
657,Legal Advisor,Sales,Temporary
658,VP of IT,Product Development,Part-time
659,IT Specialist,Legal,Contract
660,HR Manager,Facilities,Part-time
661,Sales Manager,Product Development,Full-time
662,Legal Manager,Ecom,Part-time
663,Finance Director,Facilities,Temporary
664,Legal Director,Sales,Temporary
665,IT Director,Facilities,Contract
666,Finance Director,HR,Temporary
667,Sales Associate,Sales,Contract
668,VP of Facilities,Finance,Full-time
669,VP of Legal,Licensing,Temporary
670,IT Manager,Finance,Temporary
671,Facilities Coordinator,Sales,Temporary
672,IT Manager,Ecom,Temporary
673,Sales Director,Legal,Part-time
674,Licensing Manager,Facilities,Full-time
675,Product Director,Legal,Temporary
676,Sales Manager,IT,Full-time
677,Product Director,Finance,Temporary
678,Facilities Director,Ecom,Temporary
679,Finance Director,Licensing,Contract
680,Ecom Director,HR,Part-time
681,Licensing Manager,Facilities,Temporary
682,VP of HR,Ecom,Part-time
683,Product Manager,Licensing,Temporary
684,VP of Product,Legal,Full-time
685,Finance Analyst,Ecom,Temporary
686,Sales Manager,Product Development,Temporary
687,Legal Manager,Facilities,Temporary
688,VP of HR,HR,Temporary
689,VP of HR,Sales,Full-time
690,Product Manager,Licensing,Contract
691,Product Manager,Product Development,Temporary
692,Legal Advisor,Facilities,Temporary
693,Licensing Specialist,Product Development,Temporary
694,HR Director,HR,Temporary
695,VP of Finance,Licensing,Part-time
696,Facilities Manager,Sales,Full-time
697,VP of Licensing,Finance,Contract
698,VP of Licensing,Ecom,Full-time
699,VP of Facilities,Facilities,Part-time
700,Facilities Coordinator,Sales,Full-time
701,Ecom Director,Sales,Contract
702,Finance Director,HR,Temporary
703,VP of Sales,Ecom,Full-time
704,VP of Legal,Finance,Contract
705,HR Director,Licensing,Temporary
706,Sales Associate,Finance,Part-time
707,Licensing Director,Ecom,Temporary
708,Licensing Director,IT,Contract
709,Licensing Manager,Product Development,Temporary
710,Finance Manager,Product Development,Contract
711,HR Director,Legal,Contract
712,HR Manager,Licensing,Full-time
713,VP of Licensing,Facilities,Temporary
714,Finance Analyst,Licensing,Contract
715,HR Manager,Legal,Temporary
716,Legal Manager,Legal,Full-time
717,Product Manager,Legal,Temporary
718,Ecom Manager,Product Development,Temporary
719,Licensing Manager,Licensing,Contract
720,Licensing Specialist,Ecom,Part-time
721,Legal Advisor,Ecom,Contract
722,Facilities Manager,IT,Contract
723,Legal Manager,Legal,Full-time
724,Sales Manager,Facilities,Full-time
725,Facilities Manager,HR,Full-time
726,Facilities Manager,Facilities,Contract
727,Finance Manager,IT,Contract
728,Product Director,IT,Full-time
729,Sales Director,Licensing,Temporary
730,Ecom Director,IT,Contract
731,HR Specialist,Legal,Temporary
732,VP of Facilities,Facilities,Temporary
733,HR Director,Legal,Full-time
734,Sales Associate,Licensing,Full-time
735,VP of Product,IT,Contract
736,Legal Manager,Sales,Part-time
737,VP of IT,IT,Full-time
738,Facilities Manager,HR,Part-time
739,Ecom Specialist,Licensing,Contract
740,IT Specialist,Ecom,Temporary
741,VP of Facilities,Legal,Contract
742,Facilities Manager,Product Development,Part-time
743,Legal Director,Licensing,Full-time
744,Sales Associate,Finance,Contract
745,VP of IT,Sales,Contract
746,Finance Manager,IT,Part-time
747,Facilities Director,Facilities,Part-time
748,VP of HR,Product Development,Full-time
749,Sales Manager,Licensing,Contract
750,Licensing Specialist,HR,Part-time
751,IT Director,Ecom,Part-time
752,IT Director,Finance,Contract
753,Finance Analyst,Sales,Full-time
754,Facilities Coordinator,Legal,Part-time
755,Product Manager,Finance,Part-time
756,Licensing Specialist,Product Development,Part-time
757,VP of Facilities,Legal,Contract
758,IT Director,Legal,Temporary
759,Product Director,Sales,Contract
760,Sales Director,Sales,Full-time
761,VP of Facilities,IT,Temporary
762,HR Specialist,HR,Contract
763,VP of IT,HR,Part-time
764,HR Director,Facilities,Temporary
765,Ecom Specialist,Product Development,Temporary
766,Ecom Manager,Sales,Temporary
767,VP of Finance,IT,Full-time
768,Sales Manager,Legal,Contract
769,VP of Product,Finance,Temporary
770,VP of Ecom,Product Development,Temporary
771,Product Director,Licensing,Temporary
772,Ecom Director,HR,Part-time
773,Facilities Manager,Legal,Contract
774,Finance Manager,Facilities,Contract
775,VP of Sales,HR,Contract
776,Legal Advisor,Legal,Part-time
777,VP of Facilities,Legal,Contract
778,VP of Sales,Product Development,Full-time
779,Product Developer,Licensing,Contract
780,VP of Ecom,Product Development,Contract
781,Ecom Manager,Ecom,Part-time
782,VP of Licensing,Ecom,Contract
783,VP of Ecom,Facilities,Full-time
784,VP of Finance,Licensing,Temporary
785,Product Manager,HR,Full-time
786,VP of Licensing,Finance,Part-time
787,Ecom Manager,HR,Temporary
788,Licensing Director,Ecom,Contract
789,Product Developer,Finance,Contract
790,IT Director,Product Development,Part-time
791,Ecom Director,Sales,Full-time
792,Ecom Director,Sales,Temporary
793,Product Developer,Facilities,Part-time
794,Finance Manager,Licensing,Temporary
795,Ecom Manager,Sales,Temporary
796,VP of Finance,IT,Full-time
797,VP of IT,Sales,Contract
798,Facilities Coordinator,Ecom,Full-time
799,Licensing Specialist,Facilities,Full-time
800,VP of Sales,IT,Full-time
801,VP of Product,Product Development,Full-time
802,VP of Licensing,Legal,Contract
803,HR Director,HR,Full-time
804,HR Specialist,HR,Temporary
805,Sales Director,Ecom,Temporary
806,VP of Product,Product Development,Temporary
807,Product Manager,Licensing,Part-time
808,IT Manager,HR,Full-time
809,Licensing Director,HR,Part-time
810,Licensing Director,HR,Full-time
811,IT Manager,Licensing,Part-time
812,HR Specialist,HR,Contract
813,VP of Product,Ecom,Temporary
814,Finance Director,Ecom,Part-time
815,Ecom Specialist,Finance,Part-time
816,IT Director,IT,Full-time
817,VP of Product,Product Development,Part-time
818,VP of Facilities,Sales,Contract
819,VP of Legal,Licensing,Full-time
820,VP of Facilities,Finance,Contract
821,IT Director,IT,Full-time
822,VP of Legal,Sales,Contract
823,Legal Director,Sales,Contract
824,Ecom Manager,HR,Temporary
825,VP of Ecom,Licensing,Temporary
826,Ecom Specialist,Licensing,Temporary
827,VP of Sales,HR,Contract
828,Legal Manager,Product Development,Full-time
829,Finance Analyst,Facilities,Contract
830,Facilities Manager,Facilities,Full-time
831,VP of Licensing,HR,Part-time
832,HR Manager,Product Development,Part-time
833,IT Specialist,Product Development,Part-time
834,VP of Sales,Sales,Full-time
835,HR Specialist,Ecom,Full-time
836,VP of Licensing,HR,Temporary
837,Facilities Manager,Ecom,Temporary
838,Licensing Manager,Sales,Full-time
839,VP of Facilities,Product Development,Temporary
840,VP of Facilities,HR,Contract
841,VP of Licensing,Product Development,Temporary
842,VP of Licensing,Finance,Full-time
843,IT Specialist,Finance,Temporary
844,Sales Associate,Legal,Full-time
845,Finance Manager,Licensing,Contract
846,Product Director,IT,Full-time
847,Finance Analyst,IT,Contract
848,Facilities Coordinator,Facilities,Part-time
849,Facilities Director,Legal,Contract
850,VP of HR,Ecom,Part-time
851,VP of Ecom,Sales,Temporary
852,Legal Advisor,Legal,Part-time
853,Ecom Manager,Licensing,Part-time
854,HR Specialist,Legal,Temporary
855,Licensing Specialist,HR,Temporary
856,Ecom Specialist,Sales,Full-time
857,Legal Advisor,Ecom,Temporary
858,IT Specialist,IT,Full-time
859,Legal Advisor,HR,Full-time
860,Legal Manager,Finance,Contract
861,VP of IT,Sales,Contract
862,IT Manager,Finance,Contract
863,VP of Legal,Legal,Temporary
864,Legal Advisor,Product Development,Contract
865,VP of HR,Finance,Temporary
866,IT Manager,HR,Temporary
867,VP of Sales,Facilities,Part-time
868,VP of IT,Ecom,Contract
869,Facilities Coordinator,HR,Temporary
870,Facilities Director,Facilities,Part-time
871,VP of HR,Facilities,Temporary
872,Sales Associate,HR,Contract
873,Facilities Director,Facilities,Temporary
874,Sales Associate,Licensing,Contract
875,Facilities Coordinator,HR,Part-time
876,Facilities Coordinator,Legal,Contract
877,Ecom Specialist,Legal,Part-time
878,Finance Analyst,Ecom,Full-time
879,VP of Facilities,Ecom,Contract
880,IT Manager,Licensing,Temporary
881,Facilities Manager,IT,Temporary
882,Finance Director,Finance,Part-time
883,HR Director,Product Development,Temporary
884,Finance Analyst,Sales,Part-time
885,Ecom Specialist,HR,Full-time
886,IT Director,Ecom,Part-time
887,IT Specialist,IT,Temporary
888,VP of Licensing,Legal,Part-time
889,VP of Finance,Product Development,Full-time
890,HR Director,Ecom,Part-time
891,Finance Director,Licensing,Part-time
892,Finance Director,Finance,Part-time
893,VP of Ecom,Finance,Temporary
894,IT Specialist,HR,Part-time
895,VP of Ecom,IT,Contract
896,HR Manager,Facilities,Full-time
897,HR Specialist,HR,Contract
898,Facilities Manager,Legal,Full-time
899,VP of Legal,HR,Part-time
900,Facilities Manager,Legal,Temporary
901,Licensing Director,Legal,Temporary
902,VP of Finance,Sales,Contract
903,VP of Product,Ecom,Temporary
904,Licensing Manager,Sales,Temporary
905,Ecom Manager,IT,Part-time
906,Licensing Specialist,Legal,Part-time
907,Product Director,Facilities,Part-time
908,Product Manager,Facilities,Temporary
909,Licensing Manager,Licensing,Contract
910,VP of Sales,HR,Part-time
911,Product Developer,Licensing,Contract
912,Finance Analyst,Legal,Part-time
913,Product Manager,Product Development,Temporary
914,Finance Manager,IT,Temporary
915,VP of Licensing,Facilities,Full-time
916,Facilities Director,Ecom,Part-time
917,HR Manager,Facilities,Part-time
918,VP of Sales,Finance,Part-time
919,Licensing Specialist,Finance,Temporary
920,Facilities Coordinator,Sales,Contract
921,Facilities Manager,Legal,Full-time
922,Legal Advisor,Finance,Temporary
923,IT Specialist,Licensing,Temporary
924,IT Manager,IT,Temporary
925,Sales Manager,Facilities,Temporary
926,VP of Facilities,Facilities,Full-time
927,IT Manager,Facilities,Contract
928,IT Specialist,Finance,Contract
929,VP of IT,Licensing,Temporary
930,VP of Facilities,Legal,Temporary
931,Licensing Specialist,Facilities,Part-time
932,VP of Product,Ecom,Contract
933,VP of IT,Product Development,Part-time
934,VP of Legal,IT,Full-time
935,Licensing Manager,Legal,Temporary
936,Product Manager,Licensing,Temporary
937,Ecom Manager,Sales,Full-time
938,Sales Manager,IT,Contract
939,HR Director,Licensing,Full-time
940,Legal Manager,IT,Contract
941,VP of Finance,Facilities,Contract
942,Sales Manager,Legal,Contract
943,VP of Legal,Legal,Contract
944,IT Manager,Ecom,Full-time
945,Ecom Director,Finance,Part-time
946,HR Specialist,IT,Contract
947,VP of IT,Legal,Temporary
948,VP of Product,Ecom,Contract
949,VP of Product,Finance,Full-time
950,VP of Product,Facilities,Full-time
951,VP of Product,HR,Full-time
952,IT Director,Product Development,Part-time
953,IT Manager,IT,Full-time
954,VP of Finance,Finance,Part-time
955,Ecom Manager,HR,Temporary
956,IT Specialist,Ecom,Full-time
957,Legal Director,Legal,Part-time
958,Facilities Manager,Legal,Full-time
959,Ecom Director,Product Development,Full-time
960,VP of Ecom,IT,Full-time
961,VP of IT,IT,Full-time
962,IT Manager,HR,Temporary
963,Product Developer,Finance,Part-time
964,VP of Licensing,Legal,Contract
965,Sales Associate,Product Development,Contract
966,VP of Sales,Product Development,Temporary
967,Legal Manager,Sales,Part-time
968,Finance Analyst,Product Development,Temporary
969,Facilities Coordinator,Facilities,Contract
970,Facilities Director,Product Development,Part-time
971,Product Developer,Finance,Full-time
972,Licensing Director,Ecom,Part-time
973,Licensing Specialist,HR,Contract
974,HR Director,Facilities,Part-time
975,VP of Facilities,Finance,Temporary
976,Legal Director,IT,Contract
977,Ecom Manager,Product Development,Part-time
978,Product Director,Facilities,Contract
979,VP of Licensing,Facilities,Temporary
980,Licensing Director,Legal,Temporary
981,VP of Product,Ecom,Contract
982,VP of IT,HR,Full-time
983,Sales Associate,Finance,Temporary
984,Licensing Manager,Sales,Temporary
985,Sales Associate,Facilities,Contract
986,Finance Director,Facilities,Contract
987,Licensing Director,Legal,Full-time
988,Ecom Director,HR,Full-time
989,VP of Facilities,IT,Part-time
990,Ecom Director,Legal,Full-time
991,Sales Associate,IT,Contract
992,VP of Facilities,Facilities,Full-time
993,Sales Manager,Finance,Temporary
994,Finance Director,Licensing,Full-time
995,Sales Director,Product Development,Part-time
996,Legal Advisor,IT,Temporary
997,Finance Director,Licensing,Contract
998,Product Director,Licensing,Full-time
999,Finance Director,Licensing,Temporary
1000,Sales Manager,Licensing,Part-time
1001,HR Specialist,Ecom,Part-time
1002,Sales Director,Sales,Full-time
1003,IT Specialist,Finance,Contract
1004,Finance Director,Sales,Part-time
1005,VP of IT,Licensing,Temporary
1006,VP of Licensing,Licensing,Part-time
1007,Ecom Manager,Legal,Full-time
1008,Ecom Specialist,Product Development,Contract
1009,Licensing Specialist,Finance,Temporary
1010,Product Director,Finance,Contract
1011,VP of Finance,HR,Temporary
1012,VP of Licensing,Licensing,Part-time
1013,VP of Finance,Ecom,Contract
1014,Sales Associate,Legal,Temporary
1015,HR Specialist,HR,Temporary
1016,IT Specialist,Ecom,Temporary
1017,Licensing Director,IT,Temporary
1018,Finance Director,Facilities,Temporary
1019,Sales Associate,HR,Full-time
1020,VP of Finance,Ecom,Full-time
1021,VP of Ecom,HR,Contract
1022,VP of IT,Ecom,Temporary
1023,Legal Advisor,Facilities,Part-time
1024,Facilities Manager,Ecom,Contract
1025,Product Director,IT,Full-time
1026,VP of Product,Ecom,Temporary
1027,Ecom Manager,Ecom,Part-time
1028,IT Specialist,Product Development,Contract
1029,Legal Advisor,Facilities,Contract
1030,Legal Advisor,IT,Temporary
1031,VP of Finance,Legal,Contract
1032,VP of Sales,Facilities,Part-time
1033,Finance Director,HR,Temporary
1034,VP of Product,Licensing,Part-time
1035,Ecom Manager,Product Development,Part-time
1036,Product Director,Licensing,Temporary
1037,VP of IT,Product Development,Contract
1038,IT Specialist,Product Development,Full-time
1039,Product Developer,HR,Temporary
1040,IT Manager,Product Development,Contract
1041,Sales Director,HR,Temporary
1042,Licensing Director,Sales,Temporary
1043,VP of Product,Finance,Contract
1044,Facilities Manager,Finance,Contract
1045,HR Director,Product Development,Full-time
1046,Licensing Specialist,Legal,Contract
1047,Facilities Coordinator,Ecom,Part-time
1048,Product Developer,Ecom,Contract
1049,Ecom Director,Licensing,Temporary
1050,Ecom Director,Facilities,Temporary
1051,Product Manager,Ecom,Full-time
1052,IT Director,Facilities,Temporary
1053,VP of Ecom,Legal,Part-time
1054,IT Director,HR,Part-time
1055,Finance Analyst,Product Development,Full-time
1056,IT Specialist,Legal,Full-time
1057,Legal Manager,Legal,Temporary
1058,Facilities Director,Sales,Temporary
1059,Finance Analyst,Sales,Part-time
1060,VP of Finance,Licensing,Temporary
1061,VP of Legal,IT,Temporary
1062,Facilities Coordinator,Licensing,Contract
1063,VP of IT,IT,Contract
1064,Product Director,Sales,Part-time
1065,HR Specialist,Finance,Full-time
1066,Ecom Specialist,Facilities,Contract
1067,Legal Director,Licensing,Contract
1068,Licensing Specialist,Sales,Temporary
1069,Sales Director,Product Development,Temporary
1070,VP of Licensing,Sales,Full-time
1071,Legal Advisor,IT,Temporary
1072,Finance Manager,Licensing,Contract
1073,VP of Sales,Finance,Part-time
1074,VP of Ecom,Product Development,Temporary
1075,Licensing Specialist,Licensing,Temporary
1076,Licensing Specialist,Facilities,Temporary
1077,Sales Director,Licensing,Full-time
1078,HR Director,Sales,Full-time
1079,HR Specialist,Sales,Contract
1080,Legal Manager,Licensing,Contract
1081,Finance Director,Legal,Full-time
1082,Legal Advisor,Licensing,Full-time
1083,Sales Associate,Finance,Temporary
1084,Finance Analyst,Ecom,Full-time
1085,Sales Associate,Product Development,Temporary
1086,VP of Facilities,Legal,Part-time
1087,VP of Ecom,Legal,Part-time
1088,Licensing Specialist,Ecom,Full-time
1089,Finance Analyst,Sales,Full-time
1090,VP of Facilities,Ecom,Part-time
1091,VP of Ecom,Legal,Part-time
1092,Product Developer,Sales,Full-time
1093,Product Manager,Product Development,Contract
1094,HR Manager,IT,Contract
1095,Finance Manager,Ecom,Contract
1096,VP of Licensing,Ecom,Contract
1097,VP of IT,HR,Part-time
1098,HR Specialist,Finance,Contract
1099,VP of Legal,Product Development,Part-time
1100,Finance Director,Sales,Part-time
1101,Legal Manager,Facilities,Part-time
1102,Sales Associate,HR,Full-time
1103,Licensing Manager,Licensing,Contract
1104,Legal Director,Finance,Part-time
1105,Sales Manager,Legal,Part-time
1106,Ecom Director,Sales,Part-time
1107,HR Director,Ecom,Temporary
1108,IT Manager,Facilities,Contract
1109,Legal Manager,Ecom,Temporary
1110,VP of Finance,Ecom,Full-time
1111,Ecom Specialist,Ecom,Contract
1112,VP of IT,Licensing,Temporary
1113,VP of Product,IT,Contract
1114,Licensing Specialist,Licensing,Full-time
1115,Sales Director,Product Development,Full-time
1116,Finance Manager,Sales,Contract
1117,Licensing Specialist,Sales,Contract
1118,Ecom Manager,Product Development,Contract
1119,Facilities Director,Facilities,Full-time
1120,Sales Manager,HR,Temporary
1121,Legal Advisor,Licensing,Part-time
1122,Finance Manager,Licensing,Full-time
1123,HR Specialist,HR,Full-time
1124,VP of Legal,Product Development,Full-time
1125,VP of IT,Product Development,Full-time
1126,Sales Director,Legal,Contract
1127,Ecom Specialist,Ecom,Temporary
1128,Product Manager,Ecom,Part-time
1129,Ecom Specialist,Licensing,Temporary
1130,Sales Manager,Licensing,Temporary
1131,VP of Legal,Ecom,Contract
1132,Facilities Coordinator,IT,Full-time
1133,IT Specialist,Sales,Full-time
1134,HR Director,Legal,Contract
1135,Sales Manager,HR,Full-time
1136,VP of Licensing,HR,Contract
1137,IT Specialist,Legal,Part-time
1138,IT Manager,IT,Temporary
1139,Finance Manager,Facilities,Temporary
1140,Finance Manager,Licensing,Part-time
1141,HR Specialist,Facilities,Temporary
1142,Ecom Director,Facilities,Full-time
1143,Product Developer,Licensing,Temporary
1144,Sales Director,Sales,Full-time
1145,Sales Manager,Sales,Part-time
1146,Ecom Manager,IT,Contract
1147,VP of Licensing,Facilities,Contract
1148,VP of IT,Facilities,Part-time
1149,VP of IT,Licensing,Contract
1150,Product Manager,Ecom,Contract
1151,Facilities Director,HR,Part-time
1152,VP of Legal,Legal,Part-time
1153,Product Manager,Finance,Full-time
1154,Finance Manager,Finance,Part-time
1155,Legal Manager,Sales,Full-time
1156,Product Manager,Product Development,Full-time
1157,IT Specialist,Finance,Contract
1158,Legal Director,Sales,Full-time
1159,Facilities Director,Facilities,Contract
1160,HR Manager,HR,Temporary
1161,Product Manager,IT,Temporary
1162,Ecom Director,Licensing,Part-time
1163,IT Specialist,Legal,Part-time
1164,Licensing Director,Facilities,Contract
1165,Licensing Director,Legal,Contract
1166,HR Specialist,IT,Part-time
1167,Product Director,HR,Temporary
1168,Facilities Director,Finance,Contract
1169,Product Manager,Finance,Contract
1170,Finance Manager,Legal,Full-time
1171,Legal Director,Facilities,Contract
1172,Legal Manager,Legal,Full-time
1173,Facilities Director,IT,Part-time
1174,Facilities Director,Ecom,Part-time
1175,Sales Associate,Facilities,Temporary
1176,Product Manager,Licensing,Part-time
1177,VP of Sales,Sales,Part-time
1178,Legal Advisor,Legal,Contract
1179,VP of IT,Product Development,Part-time
1180,Licensing Specialist,Sales,Contract
1181,Product Director,Facilities,Full-time
1182,Product Manager,Finance,Part-time
1183,Ecom Manager,Product Development,Temporary
1184,Licensing Manager,IT,Contract
1185,Product Manager,Licensing,Full-time
1186,Finance Director,Product Development,Full-time
1187,Facilities Director,HR,Temporary
1188,Finance Manager,HR,Temporary
1189,Sales Associate,Legal,Contract
1190,VP of Licensing,Sales,Temporary
1191,Facilities Director,HR,Contract
1192,VP of Ecom,Ecom,Full-time
1193,VP of Finance,Ecom,Part-time
1194,VP of Ecom,Sales,Temporary
1195,HR Manager,Licensing,Full-time
1196,HR Specialist,Product Development,Part-time
1197,HR Manager,Licensing,Part-time
1198,VP of Sales,Facilities,Contract
1199,IT Specialist,Legal,Part-time
1200,Sales Director,Ecom,Full-time
1201,IT Specialist,Finance,Full-time
1202,HR Manager,Product Development,Full-time
1203,VP of Facilities,Sales,Contract
1204,IT Specialist,HR,Contract
1205,Finance Analyst,HR,Part-time
1206,Product Director,HR,Part-time
1207,Product Director,HR,Temporary
1208,Licensing Specialist,Finance,Contract
1209,Sales Director,Facilities,Contract
1210,VP of Ecom,IT,Temporary
1211,IT Specialist,Facilities,Full-time
1212,IT Manager,Product Development,Contract
1213,Ecom Director,Legal,Contract
1214,IT Manager,Product Development,Part-time
1215,VP of HR,Product Development,Temporary
1216,HR Specialist,Sales,Part-time
1217,HR Specialist,Finance,Temporary
1218,Finance Analyst,Sales,Part-time
1219,VP of HR,Sales,Full-time
1220,Finance Analyst,Sales,Part-time
1221,Licensing Specialist,Licensing,Full-time
1222,Legal Advisor,Sales,Part-time
1223,Product Developer,Legal,Temporary
1224,Finance Analyst,Facilities,Temporary
1225,Legal Director,HR,Full-time
1226,Finance Analyst,Legal,Temporary
1227,VP of Sales,Sales,Temporary
1228,Licensing Specialist,HR,Temporary
1229,HR Specialist,HR,Full-time
1230,Finance Analyst,Ecom,Full-time
1231,Facilities Coordinator,Finance,Part-time
1232,Legal Advisor,Sales,Full-time
1233,Legal Director,Ecom,Contract
1234,Licensing Director,Sales,Full-time
1235,Licensing Manager,Finance,Temporary
1236,Facilities Manager,HR,Contract
1237,Licensing Manager,Sales,Contract
1238,Sales Manager,Ecom,Full-time
1239,VP of HR,IT,Temporary
1240,Legal Manager,Licensing,Part-time
1241,Ecom Specialist,HR,Part-time
1242,VP of Legal,Product Development,Contract
1243,Sales Director,Facilities,Temporary
1244,Sales Manager,Legal,Full-time
1245,Legal Director,HR,Part-time
1246,VP of IT,Ecom,Full-time
1247,Licensing Specialist,Product Development,Part-time
1248,Product Director,IT,Contract
1249,Product Director,Facilities,Full-time
1250,Finance Manager,Licensing,Contract
1251,Ecom Director,Sales,Part-time
1252,VP of Sales,Product Development,Part-time
1253,Licensing Specialist,IT,Full-time
1254,Finance Analyst,Sales,Full-time
1255,Finance Manager,Facilities,Contract
1256,Sales Associate,Sales,Full-time
1257,Licensing Specialist,Ecom,Contract
1258,VP of HR,Facilities,Full-time
1259,Sales Associate,Legal,Temporary
1260,Facilities Manager,Ecom,Contract
1261,IT Director,IT,Full-time
1262,Licensing Director,Ecom,Full-time
1263,Sales Associate,Facilities,Contract
1264,IT Director,Licensing,Contract
1265,Product Developer,HR,Part-time
1266,Ecom Director,IT,Contract
1267,Ecom Manager,Ecom,Part-time
1268,VP of Sales,Ecom,Part-time
1269,VP of Ecom,Licensing,Temporary
1270,Product Director,Finance,Full-time
1271,Legal Director,IT,Full-time
1272,VP of IT,Legal,Full-time
1273,Sales Director,HR,Contract
1274,Finance Manager,Facilities,Temporary
1275,Licensing Manager,Sales,Full-time
1276,Legal Director,Legal,Temporary
1277,Finance Manager,Finance,Contract
1278,VP of Product,Facilities,Contract
1279,HR Director,Sales,Temporary
1280,Facilities Coordinator,Licensing,Temporary
1281,Licensing Manager,Finance,Temporary
1282,Facilities Manager,Licensing,Part-time
1283,VP of Product,IT,Part-time
1284,VP of Facilities,IT,Full-time
1285,VP of Ecom,HR,Full-time
1286,Finance Manager,Ecom,Contract
1287,Finance Manager,Facilities,Temporary
1288,Ecom Manager,Sales,Temporary
1289,Sales Director,Finance,Temporary
1290,Ecom Manager,Product Development,Contract
1291,Legal Director,Licensing,Part-time
1292,Product Director,Sales,Contract
1293,Facilities Coordinator,Product Development,Temporary
1294,VP of Facilities,Ecom,Full-time
1295,IT Specialist,Sales,Part-time
1296,Finance Analyst,Sales,Full-time
1297,Product Manager,Sales,Full-time
1298,Licensing Specialist,Legal,Temporary
1299,Legal Director,Facilities,Temporary
1300,Finance Manager,Licensing,Temporary
1301,Licensing Director,Facilities,Part-time
1302,Licensing Director,HR,Full-time
1303,IT Specialist,Facilities,Temporary
1304,Licensing Specialist,Legal,Temporary
1305,IT Specialist,Facilities,Part-time
1306,HR Manager,IT,Temporary
1307,Sales Associate,Ecom,Full-time
1308,Ecom Director,HR,Temporary
1309,Facilities Director,Facilities,Part-time
1310,HR Specialist,Finance,Contract
1311,HR Manager,Ecom,Contract
1312,HR Director,Legal,Temporary
1313,Sales Associate,IT,Temporary
1314,Legal Director,HR,Full-time
1315,VP of Facilities,HR,Full-time
1316,HR Director,Product Development,Temporary
1317,Finance Director,Ecom,Temporary
1318,Legal Manager,Finance,Part-time
1319,VP of Ecom,Ecom,Contract
1320,IT Director,IT,Temporary
1321,VP of Product,Licensing,Full-time
1322,Ecom Director,HR,Part-time
1323,HR Specialist,Facilities,Contract
1324,Ecom Director,Ecom,Full-time
1325,VP of Legal,Legal,Contract
1326,Sales Manager,Finance,Contract
1327,VP of Finance,IT,Part-time
1328,HR Specialist,Finance,Full-time
1329,VP of Sales,IT,Part-time
1330,Sales Associate,Legal,Full-time
1331,Product Developer,Ecom,Part-time
1332,Ecom Manager,IT,Contract
1333,Licensing Manager,Ecom,Contract
1334,Sales Associate,HR,Part-time
1335,Product Developer,Legal,Full-time
1336,Finance Manager,Facilities,Part-time
1337,VP of Ecom,Sales,Contract
1338,IT Director,Facilities,Part-time
1339,Finance Analyst,Ecom,Contract
1340,VP of Licensing,Product Development,Part-time
1341,Facilities Coordinator,Licensing,Full-time
1342,Facilities Coordinator,IT,Contract
1343,Product Director,Product Development,Contract
1344,VP of Facilities,HR,Part-time
1345,Product Director,Product Development,Contract
1346,VP of Product,Licensing,Full-time
1347,HR Specialist,Ecom,Full-time
1348,IT Specialist,Licensing,Contract
1349,HR Director,IT,Full-time
1350,Finance Analyst,IT,Part-time
1351,VP of HR,Legal,Contract
1352,Licensing Director,IT,Contract
1353,Ecom Specialist,Legal,Full-time
1354,IT Manager,Facilities,Part-time
1355,Product Developer,Ecom,Full-time
1356,Licensing Specialist,Ecom,Full-time
1357,Facilities Coordinator,Ecom,Part-time
1358,Facilities Manager,Legal,Part-time
1359,Licensing Manager,Licensing,Part-time
1360,IT Director,Ecom,Part-time
1361,HR Manager,IT,Part-time
1362,VP of Product,IT,Full-time
1363,VP of Licensing,Licensing,Temporary
1364,VP of Product,Licensing,Temporary
1365,HR Director,Finance,Part-time
1366,VP of Finance,Sales,Contract
1367,Facilities Coordinator,Facilities,Full-time
1368,IT Director,Facilities,Temporary
1369,VP of Sales,Facilities,Full-time
1370,Product Developer,Licensing,Full-time
1371,Ecom Specialist,Legal,Contract
1372,IT Director,Licensing,Contract
1373,VP of Sales,Product Development,Part-time
1374,Legal Advisor,Licensing,Part-time
1375,Licensing Director,Product Development,Temporary
1376,VP of Sales,Legal,Temporary
1377,VP of Sales,Product Development,Contract
1378,Ecom Specialist,Finance,Part-time
1379,Ecom Specialist,HR,Temporary
1380,VP of Finance,HR,Part-time
1381,Facilities Director,Finance,Temporary
1382,Legal Advisor,IT,Full-time
1383,Ecom Director,Product Development,Contract
1384,Legal Advisor,Finance,Temporary
1385,IT Specialist,Product Development,Full-time
1386,HR Manager,IT,Full-time
1387,Ecom Director,Sales,Temporary
1388,Finance Director,Sales,Part-time
1389,Product Director,Facilities,Contract
1390,Licensing Director,Ecom,Temporary
1391,Facilities Manager,Licensing,Full-time
1392,Ecom Specialist,HR,Temporary
1393,Ecom Director,Product Development,Temporary
1394,VP of Sales,Ecom,Part-time
1395,VP of Finance,Finance,Temporary
1396,Sales Associate,Licensing,Contract
1397,IT Specialist,Legal,Temporary
1398,Facilities Manager,Legal,Part-time
1399,Ecom Specialist,IT,Contract
1400,VP of Product,Product Development,Part-time
1401,VP of Finance,IT,Contract
1402,Legal Advisor,Product Development,Full-time
1403,IT Manager,Finance,Full-time
1404,VP of Facilities,Finance,Full-time
1405,VP of IT,IT,Full-time
1406,Legal Manager,Product Development,Temporary
1407,IT Specialist,Licensing,Part-time
1408,VP of HR,HR,Contract
1409,Legal Manager,HR,Full-time
1410,VP of Legal,Sales,Full-time
1411,VP of HR,HR,Contract
1412,VP of Product,HR,Contract
1413,Sales Director,Product Development,Full-time
1414,HR Director,Legal,Full-time
1415,Finance Analyst,Legal,Full-time
1416,Product Developer,IT,Part-time
1417,Licensing Specialist,Facilities,Full-time
1418,Facilities Manager,Facilities,Temporary
1419,Facilities Manager,Product Development,Contract
1420,VP of Ecom,Sales,Temporary
1421,IT Specialist,Finance,Full-time
1422,Sales Manager,Legal,Contract
1423,VP of IT,Finance,Full-time
1424,IT Manager,IT,Part-time
1425,Product Director,HR,Temporary
1426,Legal Manager,Legal,Full-time
1427,Sales Manager,IT,Full-time
1428,Ecom Specialist,Licensing,Contract
1429,Licensing Manager,Product Development,Contract
1430,Product Developer,Finance,Full-time
1431,VP of Finance,Ecom,Temporary
1432,HR Specialist,Licensing,Part-time
1433,VP of Finance,Product Development,Part-time
1434,Legal Advisor,HR,Contract
1435,IT Director,IT,Full-time
1436,Product Developer,Licensing,Full-time
1437,VP of Ecom,Product Development,Full-time
1438,Facilities Manager,Facilities,Part-time
1439,IT Specialist,Facilities,Part-time
1440,Legal Manager,Ecom,Part-time
1441,VP of Sales,Legal,Full-time
1442,Ecom Director,Ecom,Full-time
1443,HR Specialist,Ecom,Contract
1444,IT Director,Ecom,Temporary
1445,Legal Manager,Facilities,Full-time
1446,VP of Licensing,Legal,Contract
1447,HR Manager,Finance,Part-time
1448,VP of IT,Sales,Temporary
1449,Finance Manager,IT,Contract
1450,Ecom Director,Ecom,Temporary
1451,Legal Advisor,Ecom,Full-time
1452,VP of HR,Product Development,Contract
1453,Sales Associate,HR,Contract
1454,Legal Director,IT,Part-time
1455,Ecom Manager,Legal,Full-time
1456,VP of Ecom,Product Development,Contract
1457,Finance Analyst,Facilities,Temporary
1458,Finance Director,Legal,Full-time
1459,Legal Director,Ecom,Full-time
1460,IT Specialist,Product Development,Full-time
1461,VP of Legal,Legal,Part-time
1462,Sales Associate,Legal,Contract
1463,Sales Manager,IT,Full-time
1464,Legal Manager,IT,Part-time
1465,Product Developer,Product Development,Temporary
1466,Licensing Specialist,Facilities,Part-time
1467,Product Director,Ecom,Full-time
1468,Product Developer,HR,Contract
1469,VP of Sales,Sales,Full-time
1470,Facilities Coordinator,Sales,Part-time
1471,HR Director,Finance,Contract
1472,Finance Analyst,Finance,Part-time
1473,VP of Ecom,Licensing,Part-time
1474,IT Specialist,IT,Part-time
1475,Sales Director,Licensing,Part-time
1476,Finance Manager,Legal,Contract
1477,Finance Manager,Facilities,Contract
1478,Product Developer,Ecom,Contract
1479,HR Director,Sales,Part-time
1480,VP of Finance,Legal,Contract
1481,VP of Finance,Sales,Contract
1482,Licensing Director,Sales,Temporary
1483,Licensing Specialist,Legal,Part-time
1484,Sales Director,Sales,Temporary
1485,Sales Associate,HR,Full-time
1486,Ecom Director,Sales,Part-time
1487,Licensing Manager,IT,Temporary
1488,Licensing Manager,Facilities,Full-time
1489,Ecom Manager,HR,Full-time
1490,Legal Manager,Facilities,Contract
1491,VP of Facilities,Licensing,Contract
1492,Facilities Coordinator,Facilities,Contract
1493,IT Manager,HR,Temporary
1494,HR Specialist,HR,Contract
1495,Licensing Specialist,Legal,Contract
1496,VP of Legal,Product Development,Part-time
1497,Finance Analyst,Facilities,Full-time
1498,VP of Facilities,Legal,Full-time
1499,Facilities Coordinator,Licensing,Contract
1500,Legal Manager,Licensing,Part-time
1501,HR Specialist,Facilities,Full-time
1502,VP of IT,Product Development,Contract
1503,IT Manager,Ecom,Temporary
1504,Ecom Director,Product Development,Contract
1505,HR Specialist,Product Development,Temporary
1506,Licensing Director,IT,Contract
1507,Facilities Coordinator,Legal,Contract
1508,HR Specialist,HR,Full-time
1509,IT Manager,Finance,Part-time
1510,Product Developer,IT,Temporary
1511,VP of Product,Ecom,Contract
1512,Finance Analyst,HR,Temporary
1513,VP of Ecom,Legal,Part-time
1514,Product Developer,Ecom,Contract
1515,HR Director,Sales,Full-time
1516,Licensing Director,Licensing,Temporary
1517,Facilities Manager,Finance,Full-time
1518,VP of IT,Facilities,Part-time
1519,Legal Manager,Facilities,Temporary
1520,IT Manager,IT,Contract
1521,VP of Finance,HR,Temporary
1522,Ecom Specialist,Facilities,Part-time
1523,VP of HR,Licensing,Contract
1524,VP of Finance,Sales,Contract
1525,IT Specialist,Facilities,Full-time
1526,Facilities Manager,Legal,Full-time
1527,Licensing Manager,Facilities,Contract
1528,Legal Manager,Facilities,Part-time
1529,Product Director,Facilities,Contract
1530,Ecom Specialist,Facilities,Part-time
1531,VP of HR,Licensing,Full-time
1532,VP of HR,Legal,Contract
1533,Licensing Director,Legal,Full-time
1534,HR Manager,Product Development,Temporary
1535,HR Manager,IT,Full-time
1536,Licensing Director,Ecom,Full-time
1537,VP of IT,Legal,Temporary
1538,Sales Associate,Licensing,Contract
1539,Finance Analyst,Legal,Temporary
1540,VP of Finance,Finance,Contract
1541,Sales Director,Licensing,Part-time
1542,Legal Manager,HR,Contract
1543,Licensing Manager,Sales,Full-time
1544,VP of Finance,IT,Full-time
1545,VP of Product,Legal,Temporary
1546,VP of Legal,Sales,Temporary
1547,Facilities Director,Legal,Temporary
1548,Ecom Specialist,Product Development,Full-time
1549,IT Manager,Finance,Full-time
1550,Licensing Manager,Licensing,Part-time
1551,VP of Legal,Product Development,Part-time
1552,VP of HR,Product Development,Part-time
1553,HR Specialist,Finance,Temporary
1554,VP of Ecom,Ecom,Temporary
1555,VP of HR,Sales,Contract
1556,Facilities Director,Sales,Part-time
1557,VP of HR,Finance,Part-time
1558,Product Director,Licensing,Part-time
1559,IT Manager,Legal,Contract
1560,VP of Product,Licensing,Part-time
1561,VP of Sales,Product Development,Full-time
1562,Facilities Coordinator,IT,Contract
1563,Facilities Manager,Finance,Contract
1564,Product Developer,IT,Part-time
1565,Licensing Specialist,IT,Temporary
1566,Product Manager,Facilities,Contract
1567,Licensing Director,IT,Temporary
1568,IT Specialist,IT,Full-time
1569,Legal Advisor,Ecom,Part-time
1570,Finance Manager,Licensing,Full-time
1571,Legal Director,Sales,Temporary
1572,HR Manager,Finance,Contract
1573,IT Manager,Licensing,Part-time
1574,Finance Analyst,Ecom,Full-time
1575,IT Director,Ecom,Part-time
1576,Facilities Coordinator,Sales,Contract
1577,VP of Ecom,Finance,Temporary
1578,HR Director,Legal,Part-time
1579,Ecom Manager,Facilities,Temporary
1580,Finance Analyst,Product Development,Contract
1581,VP of Licensing,Licensing,Part-time
1582,Product Developer,Ecom,Full-time
1583,VP of Facilities,Sales,Full-time
1584,Finance Manager,IT,Temporary
1585,VP of IT,Product Development,Contract
1586,Legal Manager,Ecom,Temporary
1587,Sales Manager,HR,Temporary
1588,Sales Manager,Licensing,Part-time
1589,Sales Director,Ecom,Full-time
1590,VP of Ecom,Facilities,Part-time
1591,Product Manager,Sales,Part-time
1592,HR Specialist,IT,Contract
1593,Legal Manager,IT,Part-time
1594,Sales Manager,HR,Part-time
1595,Finance Director,Ecom,Part-time
1596,IT Specialist,Finance,Part-time
1597,Legal Director,Ecom,Contract
1598,Facilities Manager,Product Development,Temporary
1599,VP of Licensing,Product Development,Temporary
1600,Ecom Specialist,Facilities,Contract
1601,Product Manager,Finance,Temporary
1602,IT Director,Legal,Part-time
1603,VP of Legal,Finance,Full-time
1604,Sales Director,Licensing,Contract
1605,Finance Director,Licensing,Full-time
1606,VP of Product,IT,Temporary
1607,IT Specialist,Legal,Contract
1608,HR Director,Licensing,Full-time
1609,Finance Analyst,Sales,Temporary
1610,VP of Ecom,Product Development,Full-time
1611,Ecom Specialist,Licensing,Part-time
1612,VP of Legal,Product Development,Contract
1613,HR Specialist,Finance,Part-time
1614,Product Developer,Facilities,Full-time
1615,Sales Manager,Ecom,Contract
1616,HR Manager,Legal,Full-time
1617,Ecom Director,Legal,Part-time
1618,HR Specialist,Finance,Part-time
1619,VP of Legal,Finance,Full-time
1620,VP of IT,IT,Part-time
1621,Finance Director,HR,Contract
1622,Product Director,Licensing,Full-time
1623,VP of HR,Facilities,Contract
1624,IT Manager,Product Development,Full-time
1625,IT Specialist,HR,Temporary
1626,Sales Director,Legal,Part-time
1627,IT Director,Facilities,Full-time
1628,IT Specialist,IT,Contract
1629,Sales Associate,Finance,Contract
1630,Legal Manager,HR,Temporary
1631,Legal Advisor,IT,Contract
1632,Sales Director,HR,Temporary
1633,VP of HR,Ecom,Contract
1634,Product Manager,Product Development,Part-time
1635,Licensing Manager,IT,Contract
1636,VP of Sales,Legal,Part-time
1637,Ecom Director,Finance,Temporary
1638,Product Developer,Facilities,Contract
1639,Licensing Manager,Product Development,Contract
1640,Legal Advisor,Licensing,Temporary
1641,Legal Manager,Product Development,Full-time
1642,Product Developer,Product Development,Temporary
1643,HR Specialist,Legal,Part-time
1644,Facilities Manager,Facilities,Temporary
1645,Facilities Manager,Product Development,Contract
1646,Legal Director,Finance,Contract
1647,HR Specialist,Finance,Full-time
1648,Legal Director,Sales,Contract
1649,VP of Ecom,Licensing,Part-time
1650,IT Manager,Product Development,Temporary
1651,VP of Sales,Sales,Contract
1652,HR Specialist,HR,Part-time
1653,Ecom Manager,Legal,Contract
1654,Ecom Specialist,HR,Contract
1655,IT Specialist,HR,Temporary
1656,Sales Manager,Facilities,Full-time
1657,Product Director,Sales,Full-time
1658,VP of Licensing,HR,Part-time
1659,Ecom Manager,IT,Part-time
1660,Ecom Manager,Sales,Temporary
1661,IT Specialist,Legal,Full-time
1662,Ecom Director,Sales,Contract
1663,Ecom Director,Facilities,Temporary
1664,VP of Ecom,IT,Contract
1665,IT Director,Legal,Temporary
1666,IT Manager,Ecom,Temporary
1667,Ecom Director,IT,Temporary
1668,VP of Product,Finance,Contract
1669,HR Specialist,Licensing,Part-time
1670,IT Manager,Legal,Contract
1671,Product Manager,Sales,Contract
1672,IT Specialist,Licensing,Temporary
1673,Sales Manager,Licensing,Full-time
1674,VP of Product,Legal,Contract
1675,Facilities Manager,Ecom,Full-time
1676,IT Director,Ecom,Temporary
1677,Ecom Director,Facilities,Part-time
1678,VP of Finance,Facilities,Full-time
1679,VP of HR,Legal,Temporary
1680,Licensing Director,Finance,Full-time
1681,VP of IT,Facilities,Contract
1682,VP of Facilities,Ecom,Part-time
1683,Facilities Coordinator,Sales,Contract
1684,Legal Advisor,Licensing,Contract
1685,VP of Ecom,Finance,Full-time
1686,Licensing Specialist,HR,Part-time
1687,Product Manager,Ecom,Part-time
1688,Sales Director,IT,Full-time
1689,VP of Licensing,Sales,Contract
1690,Sales Director,Sales,Contract
1691,Sales Director,Finance,Contract
1692,Licensing Specialist,HR,Temporary
1693,VP of Product,Legal,Temporary
1694,Facilities Manager,Finance,Temporary
1695,Finance Analyst,Licensing,Full-time
1696,VP of HR,Legal,Part-time
1697,HR Manager,Finance,Contract
1698,Ecom Manager,Finance,Full-time
1699,VP of Legal,Finance,Full-time
1700,VP of Finance,Product Development,Contract
1701,VP of Facilities,Licensing,Temporary
1702,VP of Finance,Legal,Temporary
1703,Legal Director,Ecom,Contract
1704,Product Director,HR,Contract
1705,Finance Director,Ecom,Full-time
1706,Licensing Specialist,Ecom,Temporary
1707,VP of IT,Sales,Part-time
1708,Sales Director,Licensing,Part-time
1709,Product Developer,Licensing,Temporary
1710,Product Manager,Facilities,Full-time
1711,Facilities Coordinator,Facilities,Temporary
1712,Facilities Director,Facilities,Temporary
1713,Legal Manager,Licensing,Temporary
1714,Product Director,Sales,Part-time
1715,Licensing Manager,Facilities,Full-time
1716,Finance Director,Legal,Full-time
1717,Sales Associate,IT,Full-time
1718,VP of Ecom,HR,Contract
1719,IT Manager,Legal,Part-time
1720,Ecom Specialist,HR,Part-time
1721,Facilities Coordinator,HR,Part-time
1722,VP of Finance,HR,Temporary
1723,Legal Advisor,Sales,Temporary
1724,IT Manager,Legal,Temporary
1725,Legal Director,Legal,Temporary
1726,Product Manager,Facilities,Full-time
1727,Licensing Specialist,Sales,Temporary
1728,Product Director,Licensing,Full-time
1729,IT Director,Finance,Part-time
1730,Product Director,Ecom,Full-time
1731,IT Manager,Product Development,Part-time
1732,Legal Manager,Licensing,Full-time
1733,Ecom Specialist,Facilities,Contract
1734,Ecom Manager,HR,Temporary
1735,VP of IT,Licensing,Full-time
1736,HR Manager,IT,Full-time
1737,IT Manager,IT,Part-time
1738,VP of Sales,HR,Full-time
1739,VP of Licensing,IT,Temporary
1740,Finance Analyst,Finance,Temporary
1741,HR Specialist,Ecom,Full-time
1742,Legal Advisor,Legal,Contract
1743,Finance Director,IT,Full-time
1744,VP of Sales,Licensing,Part-time
1745,Licensing Specialist,HR,Contract
1746,IT Director,HR,Full-time
1747,Legal Advisor,Legal,Full-time
1748,Ecom Specialist,Ecom,Part-time
1749,Sales Director,IT,Temporary
1750,Product Director,Licensing,Temporary
1751,VP of Facilities,Facilities,Full-time
1752,HR Manager,Sales,Part-time
1753,Finance Analyst,Product Development,Part-time
1754,Sales Director,Legal,Part-time
1755,Finance Director,Ecom,Full-time
1756,VP of HR,Licensing,Full-time
1757,Ecom Director,Product Development,Part-time
1758,Ecom Specialist,Product Development,Full-time
1759,Legal Manager,Finance,Part-time
1760,HR Director,Finance,Part-time
1761,Legal Director,Finance,Temporary
1762,Sales Manager,Ecom,Contract
1763,HR Director,Ecom,Full-time
1764,VP of HR,Ecom,Part-time
1765,Ecom Director,Finance,Part-time
1766,Sales Manager,HR,Contract
1767,Legal Advisor,Licensing,Temporary
1768,VP of HR,Ecom,Contract
1769,Licensing Director,Sales,Full-time
1770,VP of Product,Finance,Temporary
1771,Finance Manager,Finance,Contract
1772,VP of Legal,Product Development,Contract
1773,IT Specialist,Legal,Full-time
1774,Ecom Director,Facilities,Temporary
1775,VP of IT,Product Development,Full-time
1776,Ecom Director,Legal,Temporary
1777,Finance Director,Sales,Contract
1778,Product Director,Product Development,Contract
1779,Sales Manager,Sales,Temporary
1780,VP of IT,Sales,Temporary
1781,VP of Legal,Licensing,Part-time
1782,Facilities Coordinator,Product Development,Full-time
1783,Sales Director,Licensing,Full-time
1784,IT Director,Product Development,Temporary
1785,Ecom Specialist,Facilities,Temporary
1786,Legal Director,Facilities,Temporary
1787,Ecom Manager,Legal,Contract
1788,Legal Director,Sales,Part-time
1789,IT Manager,Finance,Contract
1790,HR Specialist,Ecom,Contract
1791,Finance Manager,Product Development,Contract
1792,Licensing Manager,Sales,Part-time
1793,Facilities Director,Ecom,Temporary
1794,Licensing Director,Legal,Part-time
1795,IT Director,IT,Full-time
1796,Sales Manager,Legal,Contract
1797,VP of Finance,Product Development,Temporary
1798,Finance Director,HR,Part-time
1799,Ecom Specialist,Facilities,Full-time
1800,Sales Director,Finance,Temporary
1801,VP of Finance,Product Development,Temporary
1802,VP of Legal,IT,Temporary
1803,VP of IT,Sales,Part-time
1804,Facilities Manager,Sales,Temporary
1805,VP of Ecom,Licensing,Full-time
1806,Product Director,IT,Part-time
1807,Ecom Manager,HR,Contract
1808,Ecom Specialist,Facilities,Contract
1809,Licensing Manager,HR,Temporary
1810,Legal Advisor,Ecom,Part-time
1811,IT Manager,Product Development,Full-time
1812,VP of Product,Sales,Part-time
1813,Sales Director,HR,Part-time
1814,Licensing Manager,Finance,Contract
1815,VP of Facilities,Facilities,Temporary
1816,VP of Product,Product Development,Contract
1817,VP of Facilities,Legal,Contract
1818,HR Manager,Product Development,Part-time
1819,VP of HR,Product Development,Temporary
1820,HR Director,Finance,Contract
1821,VP of Ecom,Finance,Part-time
1822,VP of Facilities,Ecom,Contract
1823,Licensing Manager,Finance,Contract
1824,Legal Director,Legal,Contract
1825,Product Developer,HR,Part-time
1826,Licensing Director,HR,Full-time
1827,HR Specialist,IT,Temporary
1828,HR Specialist,Ecom,Contract
1829,Legal Advisor,HR,Temporary
1830,Finance Director,Ecom,Part-time
1831,Ecom Director,Legal,Contract
1832,Facilities Coordinator,Product Development,Temporary
1833,Product Developer,Legal,Full-time
1834,Sales Director,Ecom,Contract
1835,Facilities Coordinator,HR,Temporary
1836,VP of Facilities,Product Development,Temporary
1837,Product Developer,IT,Part-time
1838,VP of Product,Facilities,Part-time
1839,Licensing Manager,HR,Contract
1840,Sales Director,Product Development,Contract
1841,Product Developer,IT,Full-time
1842,Sales Manager,Ecom,Full-time
1843,Sales Director,Facilities,Temporary
1844,IT Manager,Legal,Temporary
1845,HR Director,Sales,Temporary
1846,HR Specialist,Licensing,Full-time
1847,IT Specialist,Legal,Temporary
1848,Facilities Manager,HR,Part-time
1849,Sales Manager,HR,Temporary
1850,Ecom Director,Ecom,Contract
1851,VP of Finance,Finance,Full-time
1852,Finance Director,Product Development,Temporary
1853,HR Manager,Legal,Part-time
1854,VP of Legal,Finance,Temporary
1855,HR Specialist,Sales,Part-time
1856,Ecom Manager,Sales,Part-time
1857,Sales Manager,IT,Temporary
1858,VP of Ecom,Finance,Full-time
1859,VP of Legal,Product Development,Contract
1860,VP of IT,HR,Contract
1861,HR Director,Product Development,Part-time
1862,VP of Facilities,Product Development,Contract
1863,VP of Ecom,IT,Temporary
1864,Finance Manager,Product Development,Temporary
1865,VP of Ecom,Legal,Contract
1866,IT Specialist,HR,Contract
1867,Ecom Manager,IT,Temporary
1868,VP of Legal,Sales,Part-time
1869,Licensing Director,Product Development,Full-time
1870,Licensing Specialist,IT,Contract
1871,Finance Analyst,Product Development,Contract
1872,VP of Finance,Finance,Full-time
1873,IT Specialist,Legal,Full-time
1874,Licensing Specialist,Licensing,Temporary
1875,IT Specialist,Product Development,Contract
1876,Product Manager,Sales,Contract
1877,Ecom Specialist,Ecom,Contract
1878,VP of HR,Facilities,Full-time
1879,Licensing Specialist,Licensing,Temporary
1880,VP of Finance,Facilities,Contract
1881,VP of Licensing,Licensing,Contract
1882,Product Manager,Legal,Full-time
1883,Product Director,Sales,Part-time
1884,Product Director,Ecom,Part-time
1885,VP of IT,HR,Temporary
1886,VP of Sales,HR,Temporary
1887,Product Director,Legal,Full-time
1888,Facilities Manager,IT,Full-time
1889,Sales Associate,Licensing,Contract
1890,Legal Director,Legal,Part-time
1891,Sales Manager,Finance,Contract
1892,Legal Advisor,Facilities,Full-time
1893,Legal Advisor,Product Development,Part-time
1894,VP of HR,Licensing,Full-time
1895,VP of Finance,Product Development,Full-time
1896,Product Director,IT,Part-time
1897,VP of Sales,Facilities,Temporary
1898,VP of Finance,Sales,Temporary
1899,Product Director,Licensing,Part-time
1900,Facilities Director,Facilities,Full-time
1901,Facilities Coordinator,HR,Part-time
1902,Product Manager,Finance,Contract
1903,VP of Legal,Ecom,Full-time
1904,VP of Licensing,Finance,Contract
1905,HR Specialist,Facilities,Temporary
1906,Legal Manager,Ecom,Full-time
1907,HR Manager,Sales,Temporary
1908,HR Manager,Product Development,Contract
1909,VP of IT,Product Development,Full-time
1910,Licensing Director,Ecom,Contract
1911,IT Manager,Sales,Part-time
1912,Ecom Manager,Facilities,Contract
1913,Ecom Director,Legal,Full-time
1914,Product Manager,Sales,Temporary
1915,VP of Ecom,Ecom,Full-time
1916,Product Director,Licensing,Temporary
1917,Product Manager,Product Development,Temporary
1918,Finance Director,Legal,Contract
1919,VP of Ecom,Product Development,Part-time
1920,VP of HR,Facilities,Full-time
1921,Product Director,Legal,Full-time
1922,VP of IT,HR,Part-time
1923,Legal Manager,HR,Part-time
1924,Sales Manager,Facilities,Temporary
1925,Sales Manager,Licensing,Temporary
1926,Licensing Director,Facilities,Full-time
1927,Finance Manager,HR,Contract
1928,Product Manager,IT,Temporary
1929,VP of Sales,Finance,Full-time
1930,Finance Manager,Sales,Temporary
1931,VP of Ecom,Sales,Contract
1932,Sales Manager,Sales,Full-time
1933,Finance Analyst,Facilities,Full-time
1934,Finance Director,Sales,Contract
1935,Finance Director,HR,Contract
1936,Sales Manager,Sales,Part-time
1937,HR Specialist,Finance,Temporary
1938,Legal Manager,Facilities,Part-time
1939,VP of Finance,Licensing,Contract
1940,Sales Manager,Licensing,Part-time
1941,VP of Sales,Legal,Full-time
1942,VP of HR,Legal,Temporary
1943,Finance Manager,Facilities,Full-time
1944,VP of Licensing,Licensing,Part-time
1945,Product Manager,Ecom,Part-time
1946,VP of Product,IT,Temporary
1947,VP of Legal,Finance,Temporary
1948,VP of Finance,IT,Contract
1949,Ecom Manager,HR,Temporary
1950,Sales Associate,Facilities,Contract
1951,VP of IT,HR,Temporary
1952,Legal Manager,Facilities,Full-time
1953,Ecom Specialist,IT,Part-time
1954,Ecom Manager,Ecom,Full-time
1955,IT Director,Licensing,Part-time
1956,VP of Facilities,Finance,Temporary
1957,IT Specialist,Product Development,Contract
1958,Facilities Director,IT,Part-time
1959,HR Specialist,Facilities,Contract
1960,Sales Associate,Licensing,Full-time
1961,Product Director,Sales,Part-time
1962,Legal Director,Legal,Temporary
1963,Product Director,Sales,Full-time
1964,Ecom Director,Product Development,Temporary
1965,Finance Analyst,Sales,Part-time
1966,Facilities Manager,Licensing,Part-time
1967,Legal Advisor,Sales,Full-time
1968,Sales Associate,HR,Temporary
1969,Sales Manager,Licensing,Part-time
1970,Product Manager,Ecom,Contract
1971,Facilities Director,Sales,Part-time
1972,Finance Analyst,Product Development,Full-time
1973,Sales Director,Facilities,Temporary
1974,Product Manager,Product Development,Full-time
1975,VP of Product,Product Development,Contract
1976,Ecom Director,Ecom,Temporary
1977,VP of Legal,Finance,Full-time
1978,Licensing Director,IT,Temporary
1979,IT Specialist,HR,Contract
1980,HR Manager,Sales,Temporary
1981,Licensing Specialist,Legal,Contract
1982,VP of Legal,IT,Full-time
1983,Finance Director,Licensing,Part-time
1984,Licensing Manager,HR,Part-time
1985,Legal Director,Facilities,Full-time
1986,VP of HR,Sales,Part-time
1987,Licensing Specialist,Licensing,Part-time
1988,HR Director,Sales,Temporary
1989,Facilities Manager,Legal,Temporary
1990,Sales Director,IT,Contract
1991,Facilities Director,IT,Temporary
1992,HR Director,IT,Temporary
1993,IT Director,IT,Contract
1994,Finance Director,Legal,Part-time
1995,VP of HR,Legal,Temporary
1996,Sales Associate,IT,Full-time
1997,Sales Manager,Licensing,Contract
1998,VP of IT,Product Development,Contract
1999,VP of Licensing,IT,Temporary
2000,Legal Advisor,Ecom,Part-time
